{"Esztergom-Budapesti f\u0151egyh\u00e1zmegye": {"PRIEST_YAVG": 53.97222222222217, "PRIEST_YSTD": 14.501888978702647, "PRIEST_YMED": 53.0, "PRIEST_YLT30": 5, "PRIEST_Y30-39": 21, "PRIEST_Y40-49": 30, "PRIEST_Y50-59": 41, "PRIEST_Y60-69": 22, "PRIEST_Y70-79": 20, "PRIEST_YGTE80": 5, "PRIEST_KNOWNY": 144}, "Gy\u0151ri egyh\u00e1zmegye": {"PRIEST_YAVG": 53.71590909090901, "PRIEST_YSTD": 15.221806176156061, "PRIEST_YMED": 52.5, "PRIEST_YLT30": 6, "PRIEST_Y30-39": 8, "PRIEST_Y40-49": 24, "PRIEST_Y50-59": 16, "PRIEST_Y60-69": 19, "PRIEST_Y70-79": 11, "PRIEST_YGTE80": 4, "PRIEST_KNOWNY": 88}, "Sz\u00e9kesfeh\u00e9rv\u00e1ri egyh\u00e1zmegye": {"PRIEST_YAVG": 51.71698113207549, "PRIEST_YSTD": 13.703569784866298, "PRIEST_YMED": 49.0, "PRIEST_YLT30": 4, "PRIEST_Y30-39": 6, "PRIEST_Y40-49": 18, "PRIEST_Y50-59": 9, "PRIEST_Y60-69": 7, "PRIEST_Y70-79": 8, "PRIEST_YGTE80": 1, "PRIEST_KNOWNY": 53}, "P\u00e9csi egyh\u00e1zmegye": {"PRIEST_YAVG": 53.049999999999955, "PRIEST_YSTD": 11.968604764131866, "PRIEST_YMED": 53.0, "PRIEST_YLT30": 1, "PRIEST_Y30-39": 11, "PRIEST_Y40-49": 22, "PRIEST_Y50-59": 22, "PRIEST_Y60-69": 17, "PRIEST_Y70-79": 6, "PRIEST_YGTE80": 1, "PRIEST_KNOWNY": 80}, "Egri f\u0151egyh\u00e1zmegye": {"PRIEST_YAVG": 52.554140127388564, "PRIEST_YSTD": 12.436536938079323, "PRIEST_YMED": 53.0, "PRIEST_YLT30": 3, "PRIEST_Y30-39": 24, "PRIEST_Y40-49": 38, "PRIEST_Y50-59": 46, "PRIEST_Y60-69": 28, "PRIEST_Y70-79": 18, "PRIEST_YGTE80": 0, "PRIEST_KNOWNY": 157}, "Debrecen-Ny\u00edregyh\u00e1zi egyh\u00e1zmegye": {"PRIEST_YAVG": 51.5333333333333, "PRIEST_YSTD": 13.306973944347963, "PRIEST_YMED": 52.0, "PRIEST_YLT30": 5, "PRIEST_Y30-39": 11, "PRIEST_Y40-49": 11, "PRIEST_Y50-59": 30, "PRIEST_Y60-69": 12, "PRIEST_Y70-79": 5, "PRIEST_YGTE80": 1, "PRIEST_KNOWNY": 75}, "Veszpr\u00e9mi f\u0151egyh\u00e1zmegye": {"PRIEST_YAVG": 48.41758241758248, "PRIEST_YSTD": 16.85429865542569, "PRIEST_YMED": 46.0, "PRIEST_YLT30": 7, "PRIEST_Y30-39": 21, "PRIEST_Y40-49": 24, "PRIEST_Y50-59": 19, "PRIEST_Y60-69": 8, "PRIEST_Y70-79": 10, "PRIEST_YGTE80": 2, "PRIEST_KNOWNY": 91}, "Kaposv\u00e1ri egyh\u00e1zmegye": {"PRIEST_YAVG": 50.039473684210634, "PRIEST_YSTD": 11.786969600137715, "PRIEST_YMED": 49.0, "PRIEST_YLT30": 3, "PRIEST_Y30-39": 13, "PRIEST_Y40-49": 24, "PRIEST_Y50-59": 17, "PRIEST_Y60-69": 14, "PRIEST_Y70-79": 5, "PRIEST_YGTE80": 0, "PRIEST_KNOWNY": 76}, "Szombathelyi egyh\u00e1zmegye": {"PRIEST_YAVG": 55.59999999999991, "PRIEST_YSTD": 13.276378354891149, "PRIEST_YMED": 54.0, "PRIEST_YLT30": 0, "PRIEST_Y30-39": 11, "PRIEST_Y40-49": 24, "PRIEST_Y50-59": 26, "PRIEST_Y60-69": 9, "PRIEST_Y70-79": 19, "PRIEST_YGTE80": 1, "PRIEST_KNOWNY": 90}}