{"Esztergom-Budapesti f\u0151egyh\u00e1zmegye": 55.17647058823536, "Gy\u0151ri egyh\u00e1zmegye": 53.71590909090901, "Sz\u00e9kesfeh\u00e9rv\u00e1ri egyh\u00e1zmegye": 51.71698113207549, "P\u00e9csi egyh\u00e1zmegye": 53.049999999999955, "Egri f\u0151egyh\u00e1zmegye": 52.554140127388564, "Debrecen-Ny\u00edregyh\u00e1zi egyh\u00e1zmegye": 51.5333333333333, "Veszpr\u00e9mi f\u0151egyh\u00e1zmegye": 48.41758241758248, "Kaposv\u00e1ri egyh\u00e1zmegye": 50.039473684210634, "Szombathelyi egyh\u00e1zmegye": 55.59999999999991}